INSERT INTO public.user_account (id, pseudo, email, password, image_url, role, created_at, updated_at) VALUES (0, 'ROBOT', 'robot@climbing-robot.com', '$2a$10$LazlsEszCwpdKHuvJHIN8OyRpHzAJwvLZ0hVhN2BDAB23P0I1rGge', '/image/user/user-0.png', 'robot', '2017-12-13 16:13:16', null);
INSERT INTO public.user_account (id, pseudo, email, password, image_url, role, created_at, updated_at) VALUES (1, 'Gandalf', 'lotr_gandalf@gmail.com', '$2a$10$qbU443eBFmR2A5zXq8Mw9.BEOMnduuoBizfhDKWux/8gQW8PJVomO', '/image/user/user-1.jpg', 'admin', '2017-10-27 10:40:05', '2017-12-13 21:07:48');
INSERT INTO public.user_account (id, pseudo, email, password, image_url, role, created_at, updated_at) VALUES (2, 'Aragorn', 'lotr_aragorn@gmail.com', '$2a$10$rr0wbU8OV9ppLpNxEUHwxOIIPMMg.O8O2GsCfxB8JL5kdKcNUAwCW', '/image/user/user-0.png', 'user', '2017-10-27 10:40:05', null);
INSERT INTO public.user_account (id, pseudo, email, password, image_url, role, created_at, updated_at) VALUES (3, 'Legolas', 'lotr_legolas@gmail.com', '$2a$10$J9w8fgGg6vKeDXThTkOVhO0h.rCQWSH4eJz591kwcVqVJiouXh.8O', '/image/user/user-0.png', 'user', '2017-10-27 10:40:05', null);
INSERT INTO public.user_account (id, pseudo, email, password, image_url, role, created_at, updated_at) VALUES (4, 'Frodon_Sacquet', 'lotr_frodon@gmail.com', '$2a$10$wyTdXYKLnpdFnjH3zGFoee7/bRAbiJeK524errYRcBWt3o0diMruu', '/image/user/user-0.png', 'admin', '2017-10-27 10:40:05', null);
INSERT INTO public.user_account (id, pseudo, email, password, image_url, role, created_at, updated_at) VALUES (5, 'Sauron', 'lotr_sauron@gmail.com', '$2a$10$YGMoDhqUVYMRu0f83IQ/huv6yMgv2tXe1FSLgtkWnML5DVYRvrzum', '/image/user/user-0.png', 'user', '2017-10-27 10:40:05', null);
INSERT INTO public.user_account (id, pseudo, email, password, image_url, role, created_at, updated_at) VALUES (6, 'Bilbon_Sacquet', 'lotr_bilbon@gmail.com', '$2a$10$Nmg24tdUrkBaIbcs8lmR7ugVtxCKBiSO63dyOKX9NI/cUsvqVLzzy', '/image/user/user-0.png', 'user', '2017-10-27 10:40:05', null);
INSERT INTO public.user_account (id, pseudo, email, password, image_url, role, created_at, updated_at) VALUES (7, 'Gollum', 'lotr_gollum@gmail.com', '$2a$10$hosodPaiF22Q10dqKm4B3uJquZLH/Z/iC1c8aE/76MlFW30ppSJQ.', '/image/user/user-7.jpg', 'user', '2017-10-27 10:40:05', '2017-12-13 20:58:24');
INSERT INTO public.user_account (id, pseudo, email, password, image_url, role, created_at, updated_at) VALUES (8, 'Arwen', 'lotr_arwen@gmail.com', '$2a$10$pYMN6sMP2lDey59HFVOvluhUFOuItnQoYxco/GQW33Tt3TfNsIIEy', '/image/user/user-0.png', 'user', '2017-10-27 10:40:05', null);
INSERT INTO public.user_account (id, pseudo, email, password, image_url, role, created_at, updated_at) VALUES (9, 'Gimli', 'lotr_gimli@gmail.com', '$2a$10$S..12cUQOTmChECb9RJeZefwvLBkiQO.fbjtpP4vqgJ8WCVSm0QDG', '/image/user/user-0.png', 'user', '2017-10-27 10:40:05', null);
INSERT INTO public.user_account (id, pseudo, email, password, image_url, role, created_at, updated_at) VALUES (10, 'Galadriel', 'lotr_galadriel@gmail.com', '$2a$10$N9jLNcB8ExLoBRAlvmCIEOatza/qpW80ffyODFShLk.OkiYFIBavG', '/image/user/user-0.png', 'user', '2017-10-27 10:40:05', null);
INSERT INTO public.user_account (id, pseudo, email, password, image_url, role, created_at, updated_at) VALUES (11, 'Boromir', 'lotr_boromir@gmail.com', '$2a$10$lSezxNt7TdfJCLKlghjdfuZDGtu5LmGs8JJ4Zas98DDVWInBiOXOa', '/image/user/user-0.png', 'user', '2017-10-27 10:40:05', null);
INSERT INTO public.user_account (id, pseudo, email, password, image_url, role, created_at, updated_at) VALUES (12, 'Saroumane', 'lotr_saroumane@gmail.com', '$2a$10$378ScIVAnl2IChSJOjapPuC7cJFjuKBAIw9fzMNUMzfCcQfvrCD0u', '/image/user/user-0.png', 'user', '2017-10-27 10:40:05', null);
INSERT INTO public.user_account (id, pseudo, email, password, image_url, role, created_at, updated_at) VALUES (13, 'Samsagace_Gamegie', 'lotr_sam@gmail.com', '$2a$10$mwLW1n5z6xbwwBzmti6CnugExX4rhoaUJCC/dvkqpxNv1LvCyeMka', '/image/user/user-0.png', 'user', '2017-10-27 10:40:05', null);
INSERT INTO public.user_account (id, pseudo, email, password, image_url, role, created_at, updated_at) VALUES (14, 'Elrond', 'lotr_elrond@gmail.com', '$2a$10$/kjZPqp/X5I9E6mskkdn6eE5SC5g1/ntvN9dNgyWR4RHg32ADQ5TO', '/image/user/user-0.png', 'user', '2017-10-27 10:40:05', null);
INSERT INTO public.user_account (id, pseudo, email, password, image_url, role, created_at, updated_at) VALUES (15, 'Peregrin_Touque', 'lotr_peregrin@gmail.com', '$2a$10$qw0FsoyHNLhXW.dW9GbyLuVbfUfFCEcJmEZieWYwQ9ZUr7gJmCLSe', '/image/user/user-0.png', 'user', '2017-10-27 10:40:05', null);
INSERT INTO public.user_account (id, pseudo, email, password, image_url, role, created_at, updated_at) VALUES (16, 'Meriadoc_Brandebouc', 'lotr_meriadoc@gmail.com', '$2a$10$Zn6XP0k7X1QwpTLiciAOD.q51d4iPhIT7CA0QDhmrTj2nCKW/C3yu', '/image/user/user-0.png', 'user', '2017-10-27 10:40:05', null);

ALTER SEQUENCE user_account_id_seq RESTART WITH 17;

INSERT INTO public.publication (id, user_account_id, name, created_at, updated_at) VALUES (1, 1, 'Céüse', '2017-10-27 10:40:05', null);
INSERT INTO public.publication (id, user_account_id, name, created_at, updated_at) VALUES (2, 4, 'Céüse', '2017-10-27 10:40:05', null);
INSERT INTO public.publication (id, user_account_id, name, created_at, updated_at) VALUES (3, 2, 'Golots à Gogo', '2017-10-28 10:40:05', null);
INSERT INTO public.publication (id, user_account_id, name, created_at, updated_at) VALUES (4, 2, 'Dalles du Capeps', '2017-10-28 10:40:05', null);
INSERT INTO public.publication (id, user_account_id, name, created_at, updated_at) VALUES (5, 2, 'La Cascade', '2017-10-29 10:40:05', null);
INSERT INTO public.publication (id, user_account_id, name, created_at, updated_at) VALUES (6, 2, 'L''eau Vive', '2017-10-29 10:40:05', null);
INSERT INTO public.publication (id, user_account_id, name, created_at, updated_at) VALUES (7, 2, 'La Cascatelle', '2017-10-29 10:40:05', null);
INSERT INTO public.publication (id, user_account_id, name, created_at, updated_at) VALUES (8, 3, 'Régiment de Bananes', '2017-10-29 10:40:05', null);
INSERT INTO public.publication (id, user_account_id, name, created_at, updated_at) VALUES (9, 3, 'En Baskets', '2017-10-29 01:02:02', null);
INSERT INTO public.publication (id, user_account_id, name, created_at, updated_at) VALUES (10, 5, 'Wake', '2017-10-29 10:40:05', null);
INSERT INTO public.publication (id, user_account_id, name, created_at, updated_at) VALUES (11, 5, 'Départ commun', '2017-10-29 10:40:05', null);

ALTER SEQUENCE publication_id_seq RESTART WITH 12;

INSERT INTO public.topo (publication_id, description, image_url) VALUES (1, 'Ce pack regroupe la totalité des secteurs de Céüse : face Est, Sud et Ouest. En bref, tout Céüse d''un coup ! | auteur L.Girousse et R.Marie, édité en août 2017 | 12 sites, 522 voies', '/image/topo/topo-1.jpg');

INSERT INTO public.user_has_topo (user_id, topo_id, is_loaned, borrowing_date, return_date) VALUES (1, 1, true, '2017-10-03', '2017-11-16');
INSERT INTO public.user_has_topo (user_id, topo_id, is_loaned, borrowing_date, return_date) VALUES (4, 1, false, null, null);
INSERT INTO public.user_has_topo (user_id, topo_id, is_loaned, borrowing_date, return_date) VALUES (5, 1, false, null, null);

INSERT INTO public.spot (publication_id, description, height) VALUES (2, 'Céüse (French: Montagne de Céüse) is a mountain in the Hautes-Alpes département of France, elevation 2,016 metres (6,614 ft), making it eligible to be on the list of Europe''s two-thousander mountains. It is situated in the territories of the communes of Manteyer, Pelleautier and Châteauneuf-d''Oze. It is home to one of France''s most important venues for sport climbing. Biographie, one of the hardest rock climbs in the world, is located at Céüse.', 32);

INSERT INTO public.topo_has_spot (topo_id, spot_id) VALUES (1, 2);

INSERT INTO public.sector (publication_id, spot_id, height) VALUES (3, 2, null);
INSERT INTO public.sector (publication_id, spot_id, height) VALUES (4, 2, null);
INSERT INTO public.sector (publication_id, spot_id, height) VALUES (5, 2, null);

INSERT INTO public.route (publication_id, sector_id, parent_publication_id, height, quotation, latitude, longitude, points_number, type_route) VALUES (6, 3, null, null, '6b', 44.500052, 5.929022, null, 'route');
INSERT INTO public.route (publication_id, sector_id, parent_publication_id, height, quotation, latitude, longitude, points_number, type_route) VALUES (7, 3, null, null, '7a', 44.500052, 5.929022, null, 'route');
INSERT INTO public.route (publication_id, sector_id, parent_publication_id, height, quotation, latitude, longitude, points_number, type_route) VALUES (8, 4, null, null, '6a', 44.498682, 5.933146, null, 'route');
INSERT INTO public.route (publication_id, sector_id, parent_publication_id, height, quotation, latitude, longitude, points_number, type_route) VALUES (9, 4, null, null, '5c', 44.498682, 5.933146, null, 'route');
INSERT INTO public.route (publication_id, sector_id, parent_publication_id, height, quotation, latitude, longitude, points_number, type_route) VALUES (10, 5, null, null, '6a', 44.497778, 5.937530, null, 'route');
INSERT INTO public.route (publication_id, sector_id, parent_publication_id, height, quotation, latitude, longitude, points_number, type_route) VALUES (11, 5, null, null, '7b', 44.497778, 5.937530, null, 'route');

INSERT INTO public.comment (id, user_account_id, publication_id, parent_id, created_at, updated_at, content) VALUES (1, 1, 1, null, '2017-10-27 23:41:13', null, 'Super topo !');
INSERT INTO public.comment (id, user_account_id, publication_id, parent_id, created_at, updated_at, content) VALUES (2, 4, 1, 1, '2017-10-27 23:47:29', null, 'Bien dit Gandalf !');
INSERT INTO public.comment (id, user_account_id, publication_id, parent_id, created_at, updated_at, content) VALUES (3, 5, 1, 1, '2017-10-27 23:57:03', null, 'Je ne suis pas du tout d''accord.');

ALTER SEQUENCE comment_id_seq RESTART WITH 4;